{"sentence1":"Fluffy pins back his ears and growls a warning at the weird cat in the mirror.","sentence2":"a cat sitting  in front of a mirror in front of a person holding a camera.","condition":"The name of the object.","answer1":"unknown","answer2":"unknown","label":5,"difficulty":"hard","common_similarity":"yes"}
{"sentence1":"A woman sits on the floor in front of a bookcase typing on a laptop.","sentence2":"A laptop keyboard with its reflection of it and a book in the screen.","condition":"The reflective quality of the object.","answer1":"unknown","answer2":"reflection","label":3,"difficulty":"simple","common_similarity":"yes"}
{"sentence1":"A woman sits on the floor in front of a bookcase typing on a laptop.","sentence2":"A laptop keyboard with its reflection of it and a book in the screen.","condition":"The electronic object.","answer1":"laptop","answer2":"laptop, keyboard","label":5,"difficulty":"simple","common_similarity":"yes"}
{"sentence1":"A cat reaches up a paw to touch a dog on a television screen.","sentence2":"A black and white cat sitting in front of a computer looking at the mouse.","condition":"The name of the animal.","answer1":"cat, dog","answer2":"cat","label":5,"difficulty":"simple","common_similarity":"yes"}
{"sentence1":"Corn on the cob, salad, and a potato dish are being served on a table. ","sentence2":"A plate of food, dishes with food, and a pot of flowers sitting on top of a table. ","condition":"The dish.","answer1":"potato dish","answer2":"dishes","label":5,"difficulty":"simple","common_similarity":"yes"}
{"sentence1":"Corn on the cob, salad, and a potato dish are being served on a table. ","sentence2":"A plate of food, dishes with food, and a pot of flowers sitting on top of a table. ","condition":"The number of dish.","answer1":"The keywords that match the condition \"number of dish\" in the sentence are unknown.","answer2":"unknown","label":5,"difficulty":"simple","common_similarity":"yes"}
{"sentence1":"A bunch of people standing around at the beach with a kite in the air.","sentence2":"a beach scene with a beach chair decorated with the Canadian Flag and surfers walking by with their surfboards","condition":"The type of location.","answer1":"beach","answer2":"beach","label":5,"difficulty":"simple","common_similarity":"yes"}
{"sentence1":"A baby elephant that is laying on the ground looking at two larger elephants.","sentence2":"Two elephants standing next to each other on a grassy field next to a tree.","condition":"The type of animal.","answer1":"elephant","answer2":"Elephants","label":5,"difficulty":"simple","common_similarity":"yes"}
{"sentence1":"A baby elephant that is laying on the ground looking at two larger elephants.","sentence2":"Two elephants standing next to each other on a grassy field next to a tree.","condition":"The number of animals.","answer1":"Three elephants","answer2":"Two elephants","label":5,"difficulty":"simple","common_similarity":"yes"}
{"sentence1":"A small child opening their mouth for a donut that is being dangled above them.","sentence2":"A little girl sitting at a table with a half eaten donut in front of her.","condition":"The name of the person.","answer1":"unknown","answer2":"A little girl","label":5,"difficulty":"simple","common_similarity":"yes"}
{"sentence1":"A small child opening their mouth for a donut that is being dangled above them.","sentence2":"A little girl sitting at a table with a half eaten donut in front of her.","condition":"The activity of the person.","answer1":"unknown","answer2":"sitting","label":5,"difficulty":"simple","common_similarity":"yes"}
{"sentence1":"A person para sailing in the ocean with a person fishing from the shore.","sentence2":"Many kites are seen flying over the sea by the people in the sea.","condition":"The location.","answer1":"ocean, shore","answer2":"sea","label":5,"difficulty":"simple","common_similarity":"yes"}
{"sentence1":"There are some sandwiches, an olive, potato salad and a tomato on this plate.","sentence2":"a dish with a fork, a side and a sandwich that has meat, a tomato and other ingredients.","condition":"The ingredients in the meal.","answer1":"sandwiches, olive, potato salad, tomato","answer2":"meat, tomato, other ingredients","label":5,"difficulty":"simple","common_similarity":"yes"}
{"sentence1":"There are some sandwiches, an olive, potato salad and a tomato on this plate.","sentence2":"a dish with a fork, a side and a sandwich that has meat, a tomato and other ingredients.","condition":"The main course of the meal.","answer1":"sandwiches, potato salad","answer2":"sandwich, meat, tomato","label":5,"difficulty":"simple","common_similarity":"yes"}
{"sentence1":"Asian diners give peace signs at a table filled with food in a restaurant.","sentence2":"there is a very large table with many foods and people sitting at it","condition":"The type of location.","answer1":"restaurant","answer2":"unknown","label":5,"difficulty":"simple","common_similarity":"yes"}
{"sentence1":"A kitchen with nice wooden cabinets and flooring, but with one cabinet door missing.","sentence2":"A kitchen that has a grey tile floor with granite counter top and a silver stove and a silver refrigerator.","condition":"The type of room.","answer1":"kitchen","answer2":"Kitchen","label":5,"difficulty":"simple","common_similarity":"yes"}
{"sentence1":"A man and a woman sitting on a bench by the New York Bay.","sentence2":"A person lying on a bench next to the ocean, with a bicycle parked next to it.","condition":"The name of the action.","answer1":"sitting","answer2":"lying","label":5,"difficulty":"simple","common_similarity":"yes"}
{"sentence1":"A piece of paper resting on a keyboard with a phone and cup of water.","sentence2":"A kitchen table being occupied by workplace items such as a book, notebook, calculator, and computer.","condition":"The object.","answer1":"keyboard, phone, cup","answer2":"book, notebook, calculator, computer","label":5,"difficulty":"simple","common_similarity":"yes"}
{"sentence1":"a black and white photo of a group of people near a large plane","sentence2":"The back end of an airplane on tarmac with hundreds of people around it.","condition":"The name of the vehicle.","answer1":"plane","answer2":"airplane","label":5,"difficulty":"simple","common_similarity":"yes"}
{"sentence1":"A sheep grazing next to her baby sheep in a green grass covered field.","sentence2":"a meadow filled with sheep and a white lamb with black legs, ears and nose","condition":"The animals graze here.","answer1":"sheep, field","answer2":"sheep, lamb","label":5,"difficulty":"simple","common_similarity":"yes"}
{"sentence1":"A sheep grazing next to her baby sheep in a green grass covered field.","sentence2":"a meadow filled with sheep and a white lamb with black legs, ears and nose","condition":"The overall number of sheep.","answer1":"2 sheep","answer2":"The keyword that matches the given condition is \"sheep\".","label":5,"difficulty":"simple","common_similarity":"yes"}
{"sentence1":"a woman leaning over so she can hit a tennis ball with a racket","sentence2":"A group of people holding up tennis racquets  next to a flying tennis ball.","condition":"The game played.","answer1":"unknown","answer2":"unknown","label":4,"difficulty":"simple","common_similarity":"yes"}
{"sentence1":"a woman leaning over so she can hit a tennis ball with a racket","sentence2":"A group of people holding up tennis racquets  next to a flying tennis ball.","condition":"The number of players.","answer1":"unknown","answer2":"unknown","label":5,"difficulty":"simple","common_similarity":"yes"}
{"sentence1":"View of a kitchen island with a sink in the middle and a book case at the end cap.","sentence2":"A kitchen has white cabinets, wood floors, pots above the sink, and black appliances.","condition":"The type of room.","answer1":"Kitchen","answer2":"kitchen","label":5,"difficulty":"simple","common_similarity":"yes"}
{"sentence1":"A bed with cover's on it and a lamp on a stand beside it.","sentence2":"A small white bed sitting up against a wall next to a night stand.","condition":"How the bed looks.","answer1":"unknown","answer2":"white","label":4,"difficulty":"simple","common_similarity":"yes"}
{"sentence1":"A bed with cover's on it and a lamp on a stand beside it.","sentence2":"A small white bed sitting up against a wall next to a night stand.","condition":"The type of furniture.","answer1":"bed, lamp","answer2":"bed, night stand","label":5,"difficulty":"simple","common_similarity":"yes"}
{"sentence1":"A sandwich of rye bread pickles and hotdogs is next to some french fries.","sentence2":"A sandwich with jalapenos and various other vegetables on top of a plastic bag.","condition":"The food.","answer1":"The keywords that match the condition \"The food\" in the given sentence are: sandwich, hotdogs, french fries.","answer2":"jalapenos, vegetables, sandwich","label":5,"difficulty":"simple","common_similarity":"yes"}
{"sentence1":"A sandwich of rye bread pickles and hotdogs is next to some french fries.","sentence2":"A sandwich with jalapenos and various other vegetables on top of a plastic bag.","condition":"The ingredients.","answer1":"rye bread, pickles, hotdogs, french fries","answer2":"jalapenos, vegetables","label":5,"difficulty":"simple","common_similarity":"yes"}
{"sentence1":"A longhorn trophy hangs on the wall beside a lamp hanging from the ceiling.","sentence2":"A clock hanging from a pipe next to a window under a bulls head.","condition":"The name of the object.","answer1":"unknown","answer2":"The exact keyword that matches the condition \"The name of the object\" from the given sentence is \"clock\".","label":5,"difficulty":"simple","common_similarity":"yes"}
{"sentence1":"Two pictures of a white and black spotted cat and a orange, white and black spotted cat in front of a bathroom mirror. ","sentence2":"Two cats one on their back, one over top of the other, playing together on a bed.","condition":"Type of animal.","answer1":"cat","answer2":"cats","label":5,"difficulty":"simple","common_similarity":"yes"}
{"sentence1":"Two pictures of a white and black spotted cat and a orange, white and black spotted cat in front of a bathroom mirror. ","sentence2":"Two cats one on their back, one over top of the other, playing together on a bed.","condition":"Proximity of animals.","answer1":"white and black spotted cat, orange, white and black spotted cat","answer2":"cats, playing","label":4,"difficulty":"hard","common_similarity":"yes"}
{"sentence1":"A girl trying to catch a baseball with her mitt while another girl runs pass her.","sentence2":"A base ball player is on the ground near a flurry of dust as a catcher stands next to him.","condition":"The name of the place.","answer1":"unknown","answer2":"unknown","label":5,"difficulty":"simple","common_similarity":"yes"}
{"sentence1":"A man with a bat raring back as another man holds up his glove.","sentence2":"A pitch just about to cross a plate and a second before the hitter decides to swing or not.","condition":"The number of the man.","answer1":"Two","answer2":"Unknown","label":5,"difficulty":"simple","common_similarity":"yes"}
{"sentence1":"A man on a skateboard, riding in the street with a person on a motorbike in the close foreground. ","sentence2":"A young man jumping a skateboard into the air in front of a brick wall.","condition":"What item the man has.","answer1":"skateboard","answer2":"skateboard","label":5,"difficulty":"simple","common_similarity":"yes"}
{"sentence1":"A man on a skateboard, riding in the street with a person on a motorbike in the close foreground. ","sentence2":"A young man jumping a skateboard into the air in front of a brick wall.","condition":"The relative location of the man to the floor.","answer1":"unknown","answer2":"unknown","label":5,"difficulty":"hard","common_similarity":"yes"}
{"sentence1":"Three hotdogs on buns with whole slices of relish sit on a white plate.","sentence2":"A hot dog on a bun with a drop of ketchup on the table.","condition":"The dog with bun.","answer1":"hotdog, bun","answer2":"hot dog, bun","label":5,"difficulty":"simple","common_similarity":"yes"}
{"sentence1":"Three different flavored donuts sitting on a table next to a cup of coffee.","sentence2":"A variety of donuts on a tray with various types of frosting and toppings.","condition":"The type of food.","answer1":"donuts","answer2":"Donuts","label":5,"difficulty":"simple","common_similarity":"yes"}
{"sentence1":"A teddy bear sitting on the edge of a toilet seat in a bathroom.","sentence2":"A porcelain toilet with a square lid in a bathroom with blue tiled walls.","condition":"Location.","answer1":"bathroom","answer2":"bathroom","label":5,"difficulty":"simple","common_similarity":"yes"}
{"sentence1":"A bus and a few other vehicles that appear to be traveling down the road.","sentence2":"A trailer attached to a truck with palm trees and tall buildings in the background.","condition":"The name of the vehicle.","answer1":"bus","answer2":"truck","label":5,"difficulty":"simple","common_similarity":"yes"}
{"sentence1":"A bus and a few other vehicles that appear to be traveling down the road.","sentence2":"A trailer attached to a truck with palm trees and tall buildings in the background.","condition":"The name of the place.","answer1":"unknown","answer2":"Unknown","label":5,"difficulty":"simple","common_similarity":"yes"}
{"sentence1":"A little girl is posing with a baseball bat near a T ball stand.","sentence2":"A kid is holding a baseball in a glove and smiling at the camera.","condition":"Type of sport.","answer1":"baseball","answer2":"baseball","label":5,"difficulty":"simple","common_similarity":"yes"}
{"sentence1":"A woman with her arms above her head holding into strings for a kite shaped like a hamburger.","sentence2":"Man playing with kite far up in the sky, showing only the deep blue sky.","condition":"The color of sky.","answer1":"Unknown","answer2":"deep blue sky","label":5,"difficulty":"simple","common_similarity":"yes"}
{"sentence1":"A woman with her arms above her head holding into strings for a kite shaped like a hamburger.","sentence2":"Man playing with kite far up in the sky, showing only the deep blue sky.","condition":"The activity of people.","answer1":"Unknown","answer2":"Playing","label":5,"difficulty":"simple","common_similarity":"yes"}
{"sentence1":"A person throwing a tennis ball up in the air and getting ready to hit it.","sentence2":"A tennis player wears a backward hat and a pink shirt has he holds his red racket.","condition":"The game being played.","answer1":"unknown","answer2":"Unknown","label":5,"difficulty":"simple","common_similarity":"yes"}
{"sentence1":"A red cake with white frosting is displayed in front of a vase of sunflowers.","sentence2":"a plate with a slice of pie, a strawberry with a blackberry on top, and a fork","condition":"The presence of food.","answer1":"cake","answer2":"pie, strawberry, blackberry","label":5,"difficulty":"simple","common_similarity":"yes"}
{"sentence1":"A red cake with white frosting is displayed in front of a vase of sunflowers.","sentence2":"a plate with a slice of pie, a strawberry with a blackberry on top, and a fork","condition":"The type of food.","answer1":"cake","answer2":"pie, strawberry, blackberry","label":5,"difficulty":"simple","common_similarity":"yes"}
{"sentence1":"A vintage  living area with white furniture, a grand piano and peacock stain glassed windows.","sentence2":"A room with a laptop on the bed, dishes on the table and remote controls on a table. ","condition":"The type of area.","answer1":"Living\tarea","answer2":"Unknown","label":1,"difficulty":"simple","common_similarity":"yes"}
{"sentence1":"A vintage  living area with white furniture, a grand piano and peacock stain glassed windows.","sentence2":"A room with a laptop on the bed, dishes on the table and remote controls on a table. ","condition":"The items in the area.","answer1":"furniture, grand piano, windows","answer2":"laptop, dishes, remote controls","label":5,"difficulty":"simple","common_similarity":"yes"}
{"sentence1":"A couch sitting in a living room under a clock on a wood floor.","sentence2":" A bright, sunny room containing chairs, a table, a plant and some other items","condition":"The type of room.","answer1":"Living room","answer2":"unknown","label":4,"difficulty":"hard","common_similarity":"yes"}
{"sentence1":"A couch sitting in a living room under a clock on a wood floor.","sentence2":" A bright, sunny room containing chairs, a table, a plant and some other items","condition":"The seating type.","answer1":"couch","answer2":"chairs","label":5,"difficulty":"simple","common_similarity":"yes"}
{"sentence1":"A table topped with two white plates of food next to glasses filled with drinks.","sentence2":"A plate full of cut salad with a fork and a glass full of cold drink with ice.","condition":"The drink.","answer1":"drinks","answer2":"cold drink","label":5,"difficulty":"simple","common_similarity":"yes"}
{"sentence1":"This rustic style kitchen has storage for lots of cookware and  gadgets for the avid cook.","sentence2":"A narrow kitchen and dining room utilizes the flow of neutral paint to offset clutter.","condition":"The type of room.","answer1":"kitchen","answer2":"kitchen, dining room","label":5,"difficulty":"simple","common_similarity":"yes"}
{"sentence1":"Two plates of food a sandwich with French fries and sandwich with a salad.","sentence2":"A white plate topped with a cut in half sandwich next to chips and veggies.","condition":"The type of food.","answer1":"sandwich, French fries, salad","answer2":"Sandwich, chips, veggies","label":5,"difficulty":"simple","common_similarity":"yes"}
{"sentence1":"Two plates of food a sandwich with French fries and sandwich with a salad.","sentence2":"A white plate topped with a cut in half sandwich next to chips and veggies.","condition":"The quantity of food.","answer1":"Unknown","answer2":"unknown","label":5,"difficulty":"simple","common_similarity":"yes"}
{"sentence1":"A couple of carrots sitting on a cutting board next to an apple and other vegetables.","sentence2":"A bunch of vegetables are piled on a sink next to a knife holder.","condition":"The arrangement of food.","answer1":"carrots, cutting board, apple, vegetables","answer2":"vegetables","label":4,"difficulty":"simple","common_similarity":"yes"}
{"sentence1":"A girl in a pink snow suit is on a small hill on skis.","sentence2":"An older woman standing on a snowy surface wearing skis, holding ski poles and looking timid.","condition":"The gender of the person.","answer1":"girl","answer2":"woman","label":5,"difficulty":"simple","common_similarity":"yes"}
{"sentence1":"A mattress used as a coffee table in the middle of a living room.","sentence2":"This sunny bedroom features  dark wood furniture and a bedspread with bold geometric design","condition":"General location of the furniture.","answer1":"living room","answer2":"dark wood furniture","label":5,"difficulty":"simple","common_similarity":"yes"}
{"sentence1":"A picture taken of the nose of an airplane which is sitting on a runway.","sentence2":"A plane parked in front of a yellow line with people leaving the plane.","condition":"The type of vehicle.","answer1":"airplane","answer2":"plane","label":5,"difficulty":"simple","common_similarity":"yes"}
{"sentence1":"A piece of pizza sitting on a plastic plate with a lot of different toppings on it.","sentence2":"A slice of pizza and a fork sit on a tray covered in wax paper.","condition":"The type of food.","answer1":"pizza","answer2":"pizza","label":5,"difficulty":"simple","common_similarity":"yes"}
{"sentence1":"A piece of pizza sitting on a plastic plate with a lot of different toppings on it.","sentence2":"A slice of pizza and a fork sit on a tray covered in wax paper.","condition":"The material under the pizza.","answer1":"plastic plate","answer2":"wax paper","label":5,"difficulty":"simple","common_similarity":"yes"}
{"sentence1":"A bus with a woman on the side and back of hit going down the road beside other vehicles.","sentence2":"A long blue city bus parked at a bus stop next to a tall building.","condition":"Type of vehicle.","answer1":"bus, vehicles","answer2":"bus","label":5,"difficulty":"simple","common_similarity":"yes"}
{"sentence1":"a dual shot featuring a bathroom containing a toilet, a sink, and a shower. ","sentence2":"Part of a living room with a mirror sitting on a mantel over an unused fireplace.","condition":"The type of room.","answer1":"bathroom","answer2":"Living room","label":5,"difficulty":"hard","common_similarity":"yes"}
{"sentence1":"A small dog that is lying down half in the back crack of a sofa","sentence2":"A cat is curled up in it's cat bed and peeking over the top.","condition":"The animal.","answer1":"The exact keywords from the sentence that match the condition \"The animal\" are: small dog.","answer2":"cat","label":5,"difficulty":"simple","common_similarity":"yes"}
{"sentence1":"Two cats looking out the window at a bird feeder, from perches on a cat tree.","sentence2":"A trey and white cat laying on top of a wooden chair at a table.","condition":"The location of the animal.","answer1":"window, perches","answer2":"top of a wooden chair","label":5,"difficulty":"simple","common_similarity":"yes"}
{"sentence1":"Three slices of french toast and hash browns are cooking on a kitchen grill.","sentence2":"Dozens of hot dogs cooking on a commercial stovetop next to a pot of chili","condition":"The activity of the place.","answer1":"The activity of the place: cooking","answer2":"Cooking","label":5,"difficulty":"simple","common_similarity":"yes"}
{"sentence1":"A moped is covered by a tarp and a cat is laying on top of it.","sentence2":"A cat sitting on an arm rest in a car next to the driver.","condition":"The activity of animal.","answer1":"laying","answer2":"Sitting","label":4,"difficulty":"simple","common_similarity":"yes"}
{"sentence1":"A moped is covered by a tarp and a cat is laying on top of it.","sentence2":"A cat sitting on an arm rest in a car next to the driver.","condition":"The animal.","answer1":"cat","answer2":"Keywords: cat.","label":5,"difficulty":"simple","common_similarity":"yes"}
{"sentence1":"A locomotive is stopped at the tracks while steam rolls up from under it.","sentence2":"A train platform and yard  with railroad tracks and a train entering the area.","condition":"The type of vehicle.","answer1":"locomotive","answer2":"train","label":4,"difficulty":"simple","common_similarity":"yes"}
{"sentence1":"A bed in a bedroom next to a black shelf with a TV on it.","sentence2":"A child's bedroom with two single beds, stuffed animals, decorative pillows and a wooden desk and chair.","condition":"The place.","answer1":"bedroom","answer2":"A child's bedroom","label":4,"difficulty":"simple","common_similarity":"yes"}
{"sentence1":"A cheeseburger sits on a white plate, next to a drink in a Dunkin Donuts cup.","sentence2":"A sandwich of rye bread pickles and hotdogs is next to some french fries.","condition":"The foods.","answer1":"cheeseburger, drink","answer2":"hotdogs, pickles, french fries","label":5,"difficulty":"simple","common_similarity":"yes"}
{"sentence1":"Police officers on motorcycles on roadway with large patriotic flags on back of motorcycles at outdoor event.","sentence2":"A lot of bikers with similar bikes and gear are moving in formation up the street.","condition":"The vehicle type.","answer1":"Motorcycles","answer2":"bikes","label":5,"difficulty":"simple","common_similarity":"yes"}
{"sentence1":"An orange and blue passenger boat floats in the canal, making it's way past other boats that are docked there.","sentence2":"A boat docked at a pier with a red bench and steps to a house.","condition":"The boat.","answer1":"The boat","answer2":"boat","label":4,"difficulty":"simple","common_similarity":"yes"}
{"sentence1":"A chopping board with several piles of chopped vegetables and other ingredients lined up behind the cutting board.","sentence2":"Raw chicken is on a plate near broth, onions, carrots, oranges, and a glass of wine.","condition":"The presence of food.","answer1":"chopped vegetables, ingredients","answer2":"chicken, broth, onions, carrots, oranges, wine","label":5,"difficulty":"simple","common_similarity":"yes"}
{"sentence1":"A chopping board with several piles of chopped vegetables and other ingredients lined up behind the cutting board.","sentence2":"Raw chicken is on a plate near broth, onions, carrots, oranges, and a glass of wine.","condition":"The type of food container.","answer1":"Unknown","answer2":"Plate","label":5,"difficulty":"hard","common_similarity":"yes"}
{"sentence1":"A horse is running through water that seems to be marked in some way.","sentence2":"A man rides a horse while a crows watches from the other side of a pond.","condition":"The number of animal.","answer1":"One","answer2":"The extracted keywords based on the given condition are: one horse, one crow","label":5,"difficulty":"simple","common_similarity":"yes"}
{"sentence1":"A horse is running through water that seems to be marked in some way.","sentence2":"A man rides a horse while a crows watches from the other side of a pond.","condition":"The animal.","answer1":"horse","answer2":"horse, crows","label":4,"difficulty":"simple","common_similarity":"yes"}
{"sentence1":"A plate with a fried fish sandwich and potato chips along with two containers on condiments.","sentence2":"A sandwich a slice of cucumber and a slice of tomato among other things all on a plate.","condition":"The number of dish.","answer1":"Unknown.","answer2":"unknown","label":5,"difficulty":"simple","common_similarity":"yes"}
{"sentence1":"A plate with a fried fish sandwich and potato chips along with two containers on condiments.","sentence2":"A sandwich a slice of cucumber and a slice of tomato among other things all on a plate.","condition":"The plate.","answer1":"The given condition is \"the plate,\" and the exact keyword that matches this condition in the sentence is \"plate.\"","answer2":"plate","label":5,"difficulty":"simple","common_similarity":"yes"}
{"sentence1":"The space in the house is empty except for the white stove and refrigerator.","sentence2":"Wooden cabinets hanging above a countertop and sink in a kitchen featuring a refrigerator, stove, and small appliances.","condition":"The setting.","answer1":"unknown","answer2":"kitchen","label":5,"difficulty":"simple","common_similarity":"yes"}
{"sentence1":"The space in the house is empty except for the white stove and refrigerator.","sentence2":"Wooden cabinets hanging above a countertop and sink in a kitchen featuring a refrigerator, stove, and small appliances.","condition":"The density of objects.","answer1":"unknown","answer2":"unknown","label":5,"difficulty":"simple","common_similarity":"yes"}
{"sentence1":"A public bathroom with mirrors, a telephone, a sink and a counter in it.","sentence2":"Some pretty sinks in a very dimly lit rest room with a bright window.","condition":"The place.","answer1":"bathroom","answer2":"rest room","label":5,"difficulty":"simple","common_similarity":"yes"}
{"sentence1":"Living room scene, light\/off white tones, brown coffee table in front of fire place, well lit, sunlight coming in from windows.","sentence2":" a living room with a cow pattern throw rug, a couch, a television and a fireplace.","condition":"Type of room.","answer1":"Living room","answer2":"Living room","label":5,"difficulty":"simple","common_similarity":"yes"}
{"sentence1":"Living room scene, light\/off white tones, brown coffee table in front of fire place, well lit, sunlight coming in from windows.","sentence2":" a living room with a cow pattern throw rug, a couch, a television and a fireplace.","condition":"If a tv is present.","answer1":"Unknown","answer2":"television","label":5,"difficulty":"simple","common_similarity":"yes"}
{"sentence1":"A sign with a city ordinance and a parking sing are posted on a lamppost.","sentence2":"A stop all way sign with a sticker on it that says driving and a one way sign.","condition":"The type of signal.","answer1":"unknown","answer2":"unknown","label":5,"difficulty":"simple","common_similarity":"yes"}
{"sentence1":"A sign with a city ordinance and a parking sing are posted on a lamppost.","sentence2":"A stop all way sign with a sticker on it that says driving and a one way sign.","condition":"The type of stop.","answer1":"unknown","answer2":"unknown","label":3,"difficulty":"simple","common_similarity":"yes"}
{"sentence1":"A black piece of luggage laid down with a camera and gloves on the top of it.","sentence2":"A suit case sitting in a seat with someones feet propped up in front of it.","condition":"The name of the object.","answer1":"luggage","answer2":"suitcase","label":5,"difficulty":"simple","common_similarity":"yes"}
{"sentence1":"A blender covered with green ooze next to a cup with even more green ooze.","sentence2":"A kitchen stove with a pan on it, and a counter full of kitchenware.","condition":"The kitchen.","answer1":"The keywords that match the given condition \"The kitchen\" are unknown.","answer2":"The kitchen","label":5,"difficulty":"simple","common_similarity":"yes"}
{"sentence1":"A city scene features public transit, cars, bikers and pedestrians surrounded by traffic signals and crosswalks.","sentence2":"A white van is riding past on a city street with residential and storefront buildings in the background.","condition":"The number of people observed.","answer1":"bikers, pedestrians","answer2":"unknown","label":5,"difficulty":"simple","common_similarity":"yes"}
{"sentence1":"A city scene features public transit, cars, bikers and pedestrians surrounded by traffic signals and crosswalks.","sentence2":"A white van is riding past on a city street with residential and storefront buildings in the background.","condition":"The setting.","answer1":"The exact keywords from the sentence that match the given condition \"the setting\" are: city scene.","answer2":"residential buildings, storefront buildings","label":5,"difficulty":"simple","common_similarity":"yes"}
{"sentence1":"Food items are on a kitchen table and camping chairs are in a corner of the room.","sentence2":"a wok and a black pan on a stove a fan and a microwave","condition":"The place kitchen.","answer1":"kitchen","answer2":"unknown","label":5,"difficulty":"simple","common_similarity":"yes"}
{"sentence1":"Food items are on a kitchen table and camping chairs are in a corner of the room.","sentence2":"a wok and a black pan on a stove a fan and a microwave","condition":"The poducts of kitchen room.","answer1":"Unknown","answer2":"wok, pan, stove, fan, microwave","label":1,"difficulty":"simple","common_similarity":"yes"}
{"sentence1":"a woman sitting next to a table, with an open laptop in the other chair","sentence2":"A table with green tablecloth and three chairs in the corner of a room with a laptop on the table.","condition":"The name of the object.","answer1":"laptop, table, chair","answer2":"table, chair, laptop","label":3,"difficulty":"simple","common_similarity":"yes"}
{"sentence1":"a woman sitting next to a table, with an open laptop in the other chair","sentence2":"A table with green tablecloth and three chairs in the corner of a room with a laptop on the table.","condition":"The number of person.","answer1":"1 person","answer2":"unknown","label":5,"difficulty":"hard","common_similarity":"yes"}
{"sentence1":"a nice black back splash a plant  some body oils and a black Kleenex box","sentence2":"a plain white bathroom with small personal care items lined on the bare white counter","condition":"The color of counter.","answer1":"black Kleenex box","answer2":"white","label":1,"difficulty":"simple","common_similarity":"yes"}
{"sentence1":"a nice black back splash a plant  some body oils and a black Kleenex box","sentence2":"a plain white bathroom with small personal care items lined on the bare white counter","condition":"The personal care items.","answer1":"body oils, Kleenex box","answer2":"personal care items","label":5,"difficulty":"simple","common_similarity":"yes"}
{"sentence1":"A woman hitting a tennis ball with a racket while a man watches behind her.","sentence2":"The tennis player is posed to play a match as a young girl watches.","condition":"The number of people.","answer1":"The keyword that matches the condition is \"two people\".","answer2":"1","label":5,"difficulty":"simple","common_similarity":"yes"}
{"sentence1":"A woman hitting a tennis ball with a racket while a man watches behind her.","sentence2":"The tennis player is posed to play a match as a young girl watches.","condition":"The sport.","answer1":"Tennis","answer2":"tennis","label":5,"difficulty":"simple","common_similarity":"yes"}
{"sentence1":"Street signs saying \"Don't even think of parking here\" and \"No stopping anytime\" with city background","sentence2":"A street pole with a stop sign, the cross streets, and a no parking sign.","condition":"The place.","answer1":"unknown","answer2":"unknown","label":3,"difficulty":"simple","common_similarity":"yes"}
{"sentence1":"Street signs saying \"Don't even think of parking here\" and \"No stopping anytime\" with city background","sentence2":"A street pole with a stop sign, the cross streets, and a no parking sign.","condition":"The sign.","answer1":"The keywords that match the given condition in the sentence are: \"Street signs\"","answer2":"stop sign, no parking sign","label":5,"difficulty":"simple","common_similarity":"yes"}
{"sentence1":"A plastic tray that has a plate with food and a mug on it.","sentence2":"A cup of coffee and a do nut covered in springles  sit on a plate in a coffee shop.","condition":"The time of day.","answer1":"unknown","answer2":"Unknown","label":5,"difficulty":"simple","common_similarity":"yes"}
{"sentence1":"A plastic tray that has a plate with food and a mug on it.","sentence2":"A cup of coffee and a do nut covered in springles  sit on a plate in a coffee shop.","condition":"The surface.","answer1":"plate, tray","answer2":"plate","label":5,"difficulty":"simple","common_similarity":"yes"}
{"sentence1":"The damaged facade of an elderly building is marked by a number of pipes, a sign and an ornamental iron grate. ","sentence2":"An old wall with mud plaster and a road sign board in front of it.","condition":"The structure's age.","answer1":"elderly","answer2":"old","label":5,"difficulty":"simple","common_similarity":"yes"}
{"sentence1":"A brown bear standing in front of a body of water wear a rock and bird sit in the middle.","sentence2":"A grass field with a large brown bear on all fours and trees in the background.","condition":"Color of the bear.","answer1":" brown","answer2":"brown","label":5,"difficulty":"simple","common_similarity":"yes"}
{"sentence1":"A brown bear standing in front of a body of water wear a rock and bird sit in the middle.","sentence2":"A grass field with a large brown bear on all fours and trees in the background.","condition":"Type of landscape.","answer1":"unknown","answer2":"Grass field, unknown","label":5,"difficulty":"simple","common_similarity":"yes"}
{"sentence1":"A red car and red stoplight stand out in a black and white urban scene.","sentence2":"A stop sign stands at an empty intersection with a lot of bushes and trees.","condition":"The color of the car.","answer1":"red","answer2":"Unknown","label":5,"difficulty":"simple","common_similarity":"yes"}
{"sentence1":"Wall to wall video screens surround a young man as he stands playing games.","sentence2":"A man holding a Wii game controller while standing in front of a TV.","condition":"The name of the device.","answer1":"unknown","answer2":"Wii","label":5,"difficulty":"simple","common_similarity":"yes"}
{"sentence1":"Wall to wall video screens surround a young man as he stands playing games.","sentence2":"A man holding a Wii game controller while standing in front of a TV.","condition":"The type of play.","answer1":"unknown","answer2":"unknown","label":5,"difficulty":"simple","common_similarity":"yes"}
{"sentence1":"A Mets player is swinging his bat at the ball and the catcher is in position.","sentence2":"A pitcher has pitched a ball to a batter who is ready to swing while the crowd watches from the stands.","condition":"The number of the player.","answer1":"unknown","answer2":"unknown","label":4,"difficulty":"hard","common_similarity":"yes"}
{"sentence1":"A Mets player is swinging his bat at the ball and the catcher is in position.","sentence2":"A pitcher has pitched a ball to a batter who is ready to swing while the crowd watches from the stands.","condition":"The name of the action.","answer1":"Swinging","answer2":"pitched, swung, watches","label":5,"difficulty":"simple","common_similarity":"yes"}
{"sentence1":"A group of older people sitting around a table full of food and drink.","sentence2":"A restaurant with many people seated at tables talking and eating while the waiters work.","condition":"The speed of the people.","answer1":"Unknown","answer2":"unknown","label":5,"difficulty":"simple","common_similarity":"yes"}
{"sentence1":"A batter gets ready to swing as the catcher and umpire are behind him.","sentence2":"A man holding a baseball bat in his hand and wearing a red and grey baseball uniform at a game.","condition":"The action of a person.","answer1":"swing","answer2":"holding","label":5,"difficulty":"simple","common_similarity":"yes"}
{"sentence1":"A batter gets ready to swing as the catcher and umpire are behind him.","sentence2":"A man holding a baseball bat in his hand and wearing a red and grey baseball uniform at a game.","condition":"The person playing game.","answer1":"unknown","answer2":"unknown","label":5,"difficulty":"hard","common_similarity":"yes"}
{"sentence1":"A man with eyes wide open staring at a pizza in a delivery box.","sentence2":"a person cutting a cheese pizza into slices on a silver tray with a knife.","condition":"The number of people.","answer1":"1","answer2":"unknown","label":5,"difficulty":"simple","common_similarity":"yes"}
{"sentence1":"A man with eyes wide open staring at a pizza in a delivery box.","sentence2":"a person cutting a cheese pizza into slices on a silver tray with a knife.","condition":"The food.","answer1":"pizza","answer2":"cheese pizza","label":5,"difficulty":"simple","common_similarity":"yes"}
{"sentence1":"A hotel room with a queen size bed, two night stands, a bench, and chair.","sentence2":"A large white bed topped with a white blanket and pillows under framed pictures.","condition":"The furniture.","answer1":"queen size bed, night stands, bench, chair","answer2":"bed, blanket, pillows","label":4,"difficulty":"simple","common_similarity":"yes"}
{"sentence1":"A hotel room with a queen size bed, two night stands, a bench, and chair.","sentence2":"A large white bed topped with a white blanket and pillows under framed pictures.","condition":"The objects.","answer1":"queen size bed, two night stands, bench, chair","answer2":"bed, blanket, pillows, framed pictures","label":5,"difficulty":"simple","common_similarity":"yes"}
{"sentence1":"A large architectural structure with a large clock on it is surrounded by grey clouds in the background.","sentence2":"There is a tall  clock tower against a blue sky with a few clouds.","condition":"How cloudy.","answer1":"grey clouds","answer2":"few","label":4,"difficulty":"simple","common_similarity":"yes"}
{"sentence1":"A large architectural structure with a large clock on it is surrounded by grey clouds in the background.","sentence2":"There is a tall  clock tower against a blue sky with a few clouds.","condition":"Presence of clock.","answer1":"clock","answer2":"clock","label":5,"difficulty":"simple","common_similarity":"yes"}
{"sentence1":"A boy in a white shirt and black pants wiping out on his skateboard on a curb.","sentence2":"A male has his feet on a skateboard riding down a street and is doing a trick","condition":"The sex of the player.","answer1":"Male","answer2":"male","label":5,"difficulty":"simple","common_similarity":"yes"}
{"sentence1":"A boy in a white shirt and black pants wiping out on his skateboard on a curb.","sentence2":"A male has his feet on a skateboard riding down a street and is doing a trick","condition":"The speed of the player.","answer1":"Unknown","answer2":"unknown","label":5,"difficulty":"simple","common_similarity":"yes"}
{"sentence1":"A bathroom counter with 2 sinks and a black towel hanging from a rod.","sentence2":"A bathroom from the doorway, with a toilet and a shower stall with sliding door.","condition":"The number of objects.","answer1":"2 sinks","answer2":"toilet, shower stall","label":5,"difficulty":"simple","common_similarity":"yes"}
{"sentence1":"A man is dressed in a blazer, tie, and khakis in front of a building.","sentence2":"This shows a man from the neck down wearing a bright red jacket, gingham checked shirt and tie.","condition":"The objects are same.","answer1":"blazer, tie, khakis","answer2":"jacket, shirt, tie","label":4,"difficulty":"simple","common_similarity":"yes"}
{"sentence1":"A lunch tray filled with a variety of dinner foods such as spaghetti, and mashed pototoes with corn. ","sentence2":"A black table holds white bowls and plates and different foods as water glasses also sit on the table.","condition":"The purpose of the object's gathered.","answer1":"unknown","answer2":"unknown","label":5,"difficulty":"hard","common_similarity":"yes"}
{"sentence1":"A lunch tray filled with a variety of dinner foods such as spaghetti, and mashed pototoes with corn. ","sentence2":"A black table holds white bowls and plates and different foods as water glasses also sit on the table.","condition":"The number of beverages.","answer1":"unknown","answer2":"unknown","label":5,"difficulty":"hard","common_similarity":"yes"}
{"sentence1":"a person in bed with a sheet over them and lights on the bed on.","sentence2":"A bed in a bedroom covered in clutter between two tables with lamps on them.","condition":"The bedroom setting.","answer1":"bedroom","answer2":"bedroom, clutter, tables, lamps ","label":4,"difficulty":"simple","common_similarity":"yes"}
{"sentence1":"A man sitting in a chair on top of a beach under an umbrella.","sentence2":"A pair of chairs shaded by a large orange umbrella on a sunny beach","condition":"The color of object.","answer1":"Unknown","answer2":"orange","label":5,"difficulty":"hard","common_similarity":"yes"}
{"sentence1":"In a big city a person is trying to ski on the road but a snow plow is headed towards him\/her.","sentence2":"A man drags a child on a sled through the snow, the child holding a rainbow umbrella.","condition":"The number of persons.","answer1":"1 person","answer2":"1 person","label":5,"difficulty":"simple","common_similarity":"yes"}
{"sentence1":"In a big city a person is trying to ski on the road but a snow plow is headed towards him\/her.","sentence2":"A man drags a child on a sled through the snow, the child holding a rainbow umbrella.","condition":"The actions are same.","answer1":"unknown","answer2":"unknown","label":5,"difficulty":"simple","common_similarity":"yes"}
{"sentence1":"A photo taken in the night of a tall building in the distance with an illuminated clock.","sentence2":"there is a tall tower that has a clock at the top of it","condition":"The object is clock.","answer1":"illuminated clock","answer2":"clock","label":5,"difficulty":"simple","common_similarity":"yes"}
{"sentence1":"Several plates of pastries are arranged in a circle untouched with a small empty bowl in the mix.","sentence2":"There are two donuts on a plate one with chocolate and nuts, and one plain.","condition":"The all are food.","answer1":"pastries","answer2":"donuts, chocolate, nuts, plain","label":5,"difficulty":"simple","common_similarity":"yes"}
{"sentence1":"Several plates of pastries are arranged in a circle untouched with a small empty bowl in the mix.","sentence2":"There are two donuts on a plate one with chocolate and nuts, and one plain.","condition":"The plate.","answer1":"The keyword that matches the given condition is \"plates\".","answer2":"Plate","label":5,"difficulty":"simple","common_similarity":"yes"}
{"sentence1":"A staring white and gray cat curled up in a wooden chair on a blue seat cushion.","sentence2":"A black cat laying on top of a bed next to an orange cat.","condition":"The type of animal.","answer1":"cat","answer2":"cat","label":5,"difficulty":"simple","common_similarity":"yes"}
{"sentence1":"A staring white and gray cat curled up in a wooden chair on a blue seat cushion.","sentence2":"A black cat laying on top of a bed next to an orange cat.","condition":"The color of the animal.","answer1":"white, gray","answer2":"black, orange","label":4,"difficulty":"simple","common_similarity":"yes"}
{"sentence1":"A bear with a scuffed up nose looks just over an old tree log.","sentence2":"A brown bear sits on its bottom with its back again a big rock at the zoo.","condition":"The animal.","answer1":"bear","answer2":"brown bear","label":5,"difficulty":"simple","common_similarity":"yes"}
{"sentence1":"A plate holds a muffin, potatoes, and fruit and there is a glass of juice in the background.","sentence2":"A blue plate with a blue bowl on top of it on a table.","condition":"The dishware.","answer1":"plate, muffin, potatoes, fruit, glass of juice","answer2":"blue plate, blue bowl","label":5,"difficulty":"simple","common_similarity":"yes"}
{"sentence1":"A layered cake has all the colors of a rainbow and is covered in sprinkles.","sentence2":"A two-layer round yellow cake with strawberry filling and blue icing on a white china cake pedestal.","condition":"The type of food.","answer1":"Cake","answer2":"cake","label":5,"difficulty":"simple","common_similarity":"yes"}
{"sentence1":"A layered cake has all the colors of a rainbow and is covered in sprinkles.","sentence2":"A two-layer round yellow cake with strawberry filling and blue icing on a white china cake pedestal.","condition":"The food's color.","answer1":"rainbow","answer2":"yellow, blue, white","label":5,"difficulty":"simple","common_similarity":"yes"}
{"sentence1":"A young man wearing a green shirt and black shorts skateboards in a skateboarding park.","sentence2":"A skateboarder on a concrete ramp doing a trick where he is in the air with the board.","condition":"The sport.","answer1":"skateboarding","answer2":"skateboarder","label":5,"difficulty":"simple","common_similarity":"yes"}
{"sentence1":"Two laptops, some cameras, and many cords and accessories take the entire space of a bed.","sentence2":"A laptop and other items are laid neatly on a couch next to a carrying pack.","condition":"The type of device.","answer1":"laptops, cameras, unknown","answer2":"laptop","label":5,"difficulty":"simple","common_similarity":"yes"}
{"sentence1":"Two laptops, some cameras, and many cords and accessories take the entire space of a bed.","sentence2":"A laptop and other items are laid neatly on a couch next to a carrying pack.","condition":"The number of device.","answer1":"Two, some.","answer2":"Unknown","label":5,"difficulty":"simple","common_similarity":"yes"}
{"sentence1":"A cat rests on a pillow in front of a laptop computer showing other cats.","sentence2":"A cat looking at a large picture of a cat on a TV screen.","condition":"The type of animal.","answer1":"cat","answer2":"cat","label":5,"difficulty":"simple","common_similarity":"yes"}
{"sentence1":"A pizza cut four ways with one big slice equal to half the pie.","sentence2":"A delicious single pizza on a pizza pan waiting for someone to taste it.","condition":"The type of food.","answer1":"pizza","answer2":"pizza","label":5,"difficulty":"simple","common_similarity":"yes"}
{"sentence1":"A living room with a large open floor plan that leads to sliding glass doors and a patio.","sentence2":"A living room with a couch and pillows in front of a flat screen Tv.","condition":"The place.","answer1":"patio","answer2":"The keywords that match the condition \"The place\" in the given sentence are: living room","label":4,"difficulty":"simple","common_similarity":"yes"}
{"sentence1":"a view of a batter swinging and the catcher ready to catch the ball in the event of a strike","sentence2":"a runner trying to reach the base and the baseman trying to get him out","condition":"The sport being played.","answer1":"unknown","answer2":"Baseball","label":5,"difficulty":"simple","common_similarity":"yes"}
{"sentence1":"A woman holding a tennis racket looks ready to play in a tennis court.","sentence2":"a man swinging his arms so he can hit a ball with his racket","condition":"What the person is holding.","answer1":"tennis racket","answer2":"racket","label":4,"difficulty":"simple","common_similarity":"yes"}
{"sentence1":"A big blue double decker bus is stopped on the side of the road.","sentence2":"TWO TIER BUS ON A STREET GOING ONE WAY WITH ANOTHER BUS GOING THE OTHER","condition":"The number of the vehicle.","answer1":"unknown","answer2":"TWO, ONE","label":5,"difficulty":"simple","common_similarity":"yes"}
{"sentence1":"A big blue double decker bus is stopped on the side of the road.","sentence2":"TWO TIER BUS ON A STREET GOING ONE WAY WITH ANOTHER BUS GOING THE OTHER","condition":"The name of the vehicle.","answer1":"bus","answer2":"Bus, unknown","label":4,"difficulty":"simple","common_similarity":"yes"}
{"sentence1":"A plate of chocolate donuts and one has sprinkles on top sitting on a blue platter on a table.","sentence2":"Two donuts on a plate cut in half and connected to different kinds of donuts.","condition":"The type of food being eaten.","answer1":"Donuts","answer2":"Unknown","label":4,"difficulty":"hard","common_similarity":"yes"}
{"sentence1":"A plate of chocolate donuts and one has sprinkles on top sitting on a blue platter on a table.","sentence2":"Two donuts on a plate cut in half and connected to different kinds of donuts.","condition":"The amount of different types of donuts.","answer1":"unknown","answer2":"Unknown","label":5,"difficulty":"simple","common_similarity":"yes"}
{"sentence1":"a male wind surfer in a white shirt and his green and white board","sentence2":"A man in blue shorts holds a rope as he stands on a boogie board on the water.","condition":"The person's surroundings.","answer1":"The keywords that match the condition \"The person's surroundings\" in the given sentence are \"white shirt, green and white board.\"","answer2":"water","label":5,"difficulty":"simple","common_similarity":"yes"}
{"sentence1":"a male wind surfer in a white shirt and his green and white board","sentence2":"A man in blue shorts holds a rope as he stands on a boogie board on the water.","condition":"The surface stood on.","answer1":"board","answer2":"boogie board, water","label":5,"difficulty":"simple","common_similarity":"yes"}
{"sentence1":"A kitchen features brown wooden cabinets, polished stone counter tops, hardwood floors, and stainless steel appliances.","sentence2":"A large kitchen with two white ovens sitting next to a white microwave oven.","condition":"The type of the room.","answer1":"kitchen","answer2":"kitchen","label":5,"difficulty":"simple","common_similarity":"yes"}
{"sentence1":"A kitchen features brown wooden cabinets, polished stone counter tops, hardwood floors, and stainless steel appliances.","sentence2":"A large kitchen with two white ovens sitting next to a white microwave oven.","condition":"The the size of the room.","answer1":"unknown","answer2":"unknown","label":5,"difficulty":"simple","common_similarity":"yes"}
{"sentence1":"A zebra grazes on green grass while some other animals stand in the background.","sentence2":"Two zebras near a forest, one of them standing and one of them lying down.","condition":"The flora.","answer1":"grass","answer2":"forest","label":5,"difficulty":"simple","common_similarity":"yes"}
{"sentence1":"A zebra grazes on green grass while some other animals stand in the background.","sentence2":"Two zebras near a forest, one of them standing and one of them lying down.","condition":"The fauna.","answer1":"zebra, animals","answer2":"zebras, unknown","label":5,"difficulty":"simple","common_similarity":"yes"}
{"sentence1":"The corner of a room with a microwave sitting on top of a refrigerator","sentence2":"A refrigerator is pulled away from the wall and has a tray under the door.","condition":"The object.","answer1":"microwave, refrigerator","answer2":"The keywords extracted based on the condition \"The object\" are: refrigerator","label":5,"difficulty":"simple","common_similarity":"yes"}
{"sentence1":"A white plate sits on a blue cloth and the plate has tomatoes, bread and potatoes on it.","sentence2":"Two plates sit on a table as one plate holds a sandwich and the other holds a cup of soup.","condition":"The name of the product.","answer1":"tomatoes, bread, potatoes","answer2":"sandwich, soup","label":5,"difficulty":"simple","common_similarity":"yes"}
{"sentence1":"A white plate sits on a blue cloth and the plate has tomatoes, bread and potatoes on it.","sentence2":"Two plates sit on a table as one plate holds a sandwich and the other holds a cup of soup.","condition":"The number of product.","answer1":"3 products (tomatoes, bread, potatoes)","answer2":"Two plates, one plate, the other","label":5,"difficulty":"simple","common_similarity":"yes"}
{"sentence1":"There is a chair with a hole underneath in the place on a toilet.","sentence2":"A bathroom with green tiles, a green wall and a white toilet and sink. ","condition":"The name of the object.","answer1":"chair, toilet","answer2":"toilet, sink","label":5,"difficulty":"simple","common_similarity":"yes"}
{"sentence1":"THERE IS A GLAZED DONUT WITH BACON IN THE MIDDLE OF IT ON A PLATE","sentence2":"A man with a wedding ring on holding two miniature donuts in his hand.","condition":"The name of the object.","answer1":"GLAZED DONUT","answer2":"donuts","label":5,"difficulty":"simple","common_similarity":"yes"}
{"sentence1":"A man pulls a suitcase and a woman pulls a bag with a child on it.","sentence2":"A man pushing a cart with luggage on top of it in an airport.","condition":"The type of material.","answer1":"unknown","answer2":"luggage","label":5,"difficulty":"simple","common_similarity":"yes"}
{"sentence1":"A tennis player with a skip in his step is aiming to hit the ball.","sentence2":"A man is standing on a tennis court celebrating with a racket in the air.","condition":"The type of sport.","answer1":"Tennis","answer2":"Tennis","label":5,"difficulty":"simple","common_similarity":"yes"}
{"sentence1":"A group of people on a hillside overlooking a city and two people are flying a kite.","sentence2":"Man playing with kite far up in the sky, showing only the deep blue sky.","condition":"The kite.","answer1":"kite","answer2":"The kite","label":5,"difficulty":"simple","common_similarity":"yes"}
{"sentence1":"A living room with 4 sofas, a table in the middle, and a fireplace, with window all around.","sentence2":"The view shows the kitchen's double oven, sunny dining area and living area with stone fireplace.","condition":"The name of the room.","answer1":"Living Room","answer2":"kitchen, dining area, living area. ","label":5,"difficulty":"simple","common_similarity":"yes"}
{"sentence1":"A Pizza with many toppings is on a plate which is on a table with a purple tablecloth..","sentence2":"The pizza is cut into slices and has tomatoes, bell peppers, artichokes, mushrooms, and shrimp.","condition":"The type of food.","answer1":"Pizza","answer2":"pizza, tomatoes, bell peppers, artichokes, mushrooms, shrimp","label":5,"difficulty":"simple","common_similarity":"yes"}
{"sentence1":"A Pizza with many toppings is on a plate which is on a table with a purple tablecloth..","sentence2":"The pizza is cut into slices and has tomatoes, bell peppers, artichokes, mushrooms, and shrimp.","condition":"The number of toppings.","answer1":"many, unknown","answer2":"The keywords that match the condition \"The number of toppings\" in the given sentence are:\ntomatoes, bell peppers, artichokes, mushrooms, shrimp","label":5,"difficulty":"simple","common_similarity":"yes"}
{"sentence1":"A plate of donuts and a box of sweets and another glass tray of sweets.","sentence2":"Couple of plates  with cake slices and lollipops next to the rest of the cake","condition":"The plate.","answer1":"plate","answer2":"Plate","label":5,"difficulty":"simple","common_similarity":"yes"}
{"sentence1":"A plate of donuts and a box of sweets and another glass tray of sweets.","sentence2":"Couple of plates  with cake slices and lollipops next to the rest of the cake","condition":"The food.","answer1":"donuts, sweets","answer2":"Cake slices, lollipops","label":5,"difficulty":"simple","common_similarity":"yes"}
{"sentence1":"A plate of pizza sits on a table near a plate of vegetables and french fries.","sentence2":"A desk with a keyboard on it and several containers of food in front of the keyboard.","condition":"If electronics are present.","answer1":"unknown","answer2":"keyboard","label":4,"difficulty":"simple","common_similarity":"yes"}
{"sentence1":"a group of zebras standing on a dirt ground next to a wire fence enclosure.","sentence2":"Two zebras eating hay from a mesh bag on a tree outside with trees.","condition":"The number of zebras.","answer1":"The number of zebras.  \nAnswer: a group of zebras","answer2":"Two","label":5,"difficulty":"simple","common_similarity":"yes"}
{"sentence1":"a group of zebras standing on a dirt ground next to a wire fence enclosure.","sentence2":"Two zebras eating hay from a mesh bag on a tree outside with trees.","condition":"The type of animal.","answer1":"zebras","answer2":"Zebras","label":5,"difficulty":"simple","common_similarity":"yes"}
{"sentence1":"A man in a black shirt is lying on a bed with his two cats.","sentence2":"A bed with a red sheet set with a laptop and covers on it.","condition":"The presence of a bed.","answer1":"bed","answer2":"bed","label":5,"difficulty":"simple","common_similarity":"yes"}
{"sentence1":"A woman crouching down in a bathroom that has two toilets next to one another and nothing separating them.","sentence2":"There is a toilet with water in it and toilet paper on the wall","condition":"The toilet.","answer1":"toilets","answer2":"toilet","label":5,"difficulty":"simple","common_similarity":"yes"}
{"sentence1":"A woman crouching down in a bathroom that has two toilets next to one another and nothing separating them.","sentence2":"There is a toilet with water in it and toilet paper on the wall","condition":"The separate.","answer1":"toilets","answer2":"toilet, water, toilet paper","label":5,"difficulty":"simple","common_similarity":"yes"}
{"sentence1":"a zebra up close to a car window with a person taking a photo","sentence2":"A group of adult zebra's and one young zebra standing in a open field.","condition":"The name of the animal.","answer1":"zebra","answer2":"Zebra","label":5,"difficulty":"simple","common_similarity":"yes"}
{"sentence1":"A man sitting on a  chair while holding a cat and a laptop computer.","sentence2":"Here is acat that has fallen asleep on the lap of someone who is working on a computer.","condition":"The type of computer.","answer1":"laptop","answer2":"unknown","label":5,"difficulty":"simple","common_similarity":"yes"}
{"sentence1":"A man sitting on a  chair while holding a cat and a laptop computer.","sentence2":"Here is acat that has fallen asleep on the lap of someone who is working on a computer.","condition":"The type of animal.","answer1":"cat","answer2":"cat","label":5,"difficulty":"simple","common_similarity":"yes"}
{"sentence1":"A living room area with a couch, loveseat, table and small bookcase in the center of the room.","sentence2":"A tidy room has a white sofa, monitor, window and a coffee table with a glass of wine on it.","condition":"The room.","answer1":"The room","answer2":"The exact keywords from the sentence that match the condition \"The room\" are \"tidy room\".","label":2,"difficulty":"simple","common_similarity":"yes"}
{"sentence1":"This partly eaten pizza, still in its cardboard container, includes clams in its toppings.","sentence2":"two plates with pizza one has one piece and the other has a few pieces left on it","condition":"The name of the dish.","answer1":"unknown","answer2":"Pizza","label":5,"difficulty":"simple","common_similarity":"yes"}
{"sentence1":"A person sitting on the beach watching another person holding a surfboard walk into the ocean.","sentence2":"a man with a surf board looks out into the ocean as a boat sails","condition":"The type of sporting equipment.","answer1":"surfboard","answer2":"surf board","label":5,"difficulty":"simple","common_similarity":"yes"}
{"sentence1":"A city highway with exit signs above that say \"Exit 7 E23 St 3\/4 mile\" and \"Exit 8 495 Midtown Tun E34 St\".","sentence2":"A street sign pointing in one direction with the word \"Spring St\" as the other sign points in the other direction of \"Broadway\".","condition":"Where the signs are located.","answer1":"Exit 7, Exit 8","answer2":"unknown","label":5,"difficulty":"simple","common_similarity":"yes"}
{"sentence1":"A city highway with exit signs above that say \"Exit 7 E23 St 3\/4 mile\" and \"Exit 8 495 Midtown Tun E34 St\".","sentence2":"A street sign pointing in one direction with the word \"Spring St\" as the other sign points in the other direction of \"Broadway\".","condition":"What the signs say.","answer1":"Exit 7 E23 St, Exit 8 495 Midtown Tun E34 St","answer2":"Spring St, Broadway","label":4,"difficulty":"simple","common_similarity":"yes"}
{"sentence1":"Several no parking signs arranged on a pole near a city street with a large building behind them.","sentence2":"A street sign informing the public to walk their bikes across the street rather than ride them.","condition":"The activity of the person.","answer1":"unknown","answer2":"walk their bikes","label":5,"difficulty":"simple","common_similarity":"yes"}
{"sentence1":"A man is on a laptop computer while surfing the television with a remote.","sentence2":"A man in a striped shirt kneeling on floor next to couch with laptop.","condition":"The name of the activity.","answer1":"surfing, unknown","answer2":"kneeling","label":5,"difficulty":"simple","common_similarity":"yes"}
{"sentence1":"A man is on a laptop computer while surfing the television with a remote.","sentence2":"A man in a striped shirt kneeling on floor next to couch with laptop.","condition":"The number of person.","answer1":"1","answer2":"1","label":5,"difficulty":"simple","common_similarity":"yes"}
{"sentence1":"A baby laying on it's back with a piece of lettuce in it's mouth.","sentence2":"A blue eyed baby eating a cut in half banana while wearing a bib.","condition":"The activity of the baby.","answer1":"unknown","answer2":"eating","label":5,"difficulty":"simple","common_similarity":"yes"}
{"sentence1":"A baby laying on it's back with a piece of lettuce in it's mouth.","sentence2":"A blue eyed baby eating a cut in half banana while wearing a bib.","condition":"The name of the baby.","answer1":"unknown","answer2":"Unknown","label":1,"difficulty":"hard","common_similarity":"yes"}
{"sentence1":"A white plate topped with a hamburger and fried egg next to a pile of fries.","sentence2":"A large sandwich, fries, and a soda sit on a table in a restaurant.","condition":"The type of dishware.","answer1":"Plate","answer2":"unknown","label":5,"difficulty":"simple","common_similarity":"yes"}
{"sentence1":"A rare piece of steak and some cooked vegetables on a plate with a knife and fork.","sentence2":"A ham on a cutting board with slicing knife and fork with bowls of carrots and acorn squash nearby.","condition":"Then name of the object.","answer1":"unknown","answer2":"ham, cutting board, knife, fork, bowls, carrots, acorn squash","label":5,"difficulty":"simple","common_similarity":"yes"}
{"sentence1":"A rare piece of steak and some cooked vegetables on a plate with a knife and fork.","sentence2":"A ham on a cutting board with slicing knife and fork with bowls of carrots and acorn squash nearby.","condition":"The name of the place.","answer1":"unknown","answer2":"Unknown","label":4,"difficulty":"simple","common_similarity":"yes"}
{"sentence1":"A women sits in bed with her white dog and she is looking at her cat.","sentence2":"A dog and a girl sit on a couch and the girl is covered by a blanket.","condition":"The color of the animal.","answer1":"white","answer2":"unknown","label":2,"difficulty":"simple","common_similarity":"yes"}
{"sentence1":"A women sits in bed with her white dog and she is looking at her cat.","sentence2":"A dog and a girl sit on a couch and the girl is covered by a blanket.","condition":"The gender of the persons.","answer1":"The keywords matching the condition are: women, her, she, her","answer2":"girl","label":4,"difficulty":"simple","common_similarity":"yes"}
{"sentence1":"A woman carries a basket of bananas on her head while some men stand around.","sentence2":"A truck laden with green bananas on the road next to a small market","condition":"The color of fruit.","answer1":"bananas","answer2":"green bananas","label":5,"difficulty":"simple","common_similarity":"yes"}
{"sentence1":"A woman carries a basket of bananas on her head while some men stand around.","sentence2":"A truck laden with green bananas on the road next to a small market","condition":"The name of the fruit.","answer1":"bananas","answer2":"bananas","label":5,"difficulty":"simple","common_similarity":"yes"}
{"sentence1":"A narrow bathroom with a white toilet and a black towel hanging from a rack.","sentence2":"A blue bathroom stall with the door open so you can see the  toilet.","condition":"Type of room.","answer1":"unknown","answer2":"Unknown","label":5,"difficulty":"simple","common_similarity":"yes"}
{"sentence1":"A narrow bathroom with a white toilet and a black towel hanging from a rack.","sentence2":"A blue bathroom stall with the door open so you can see the  toilet.","condition":"Type of bathroom.","answer1":"Unknown","answer2":"unknown","label":3,"difficulty":"hard","common_similarity":"yes"}
{"sentence1":"an unfinished set of rooms in a house with construction materials on the floor","sentence2":"A white kitchen with cabinets left open, cardboard boxes on the floor, and bags of trash.","condition":"The state of completion.","answer1":"unfinished","answer2":"unknown","label":5,"difficulty":"simple","common_similarity":"yes"}
{"sentence1":"A biathlete with a gun strapped to their back in a downhill ski tuck.","sentence2":"A skier in a full body suit with a helmet and goggles, skiing on a snow covered slope.","condition":"The means of transportation.","answer1":"downhill ski","answer2":"skiing","label":5,"difficulty":"simple","common_similarity":"yes"}
{"sentence1":"A biathlete with a gun strapped to their back in a downhill ski tuck.","sentence2":"A skier in a full body suit with a helmet and goggles, skiing on a snow covered slope.","condition":"The equipment carried.","answer1":"gun","answer2":"helmet, goggles","label":4,"difficulty":"hard","common_similarity":"yes"}
{"sentence1":"The back end of a plane's tail section on the tarmac of an airport.","sentence2":"An older bomber type airplane with two engines flying in the sky above the clouds.","condition":"The type of vehicle.","answer1":"plane","answer2":"Airplane","label":5,"difficulty":"simple","common_similarity":"yes"}
{"sentence1":"The back end of a plane's tail section on the tarmac of an airport.","sentence2":"An older bomber type airplane with two engines flying in the sky above the clouds.","condition":"The location of the plane.","answer1":"tarmac, airport","answer2":"The extracted keyword based on the given condition is \"above the clouds\".","label":5,"difficulty":"simple","common_similarity":"yes"}
{"sentence1":"Signs East 34th Street and Fifth Avenue with a no parking sign surrounded by a brick building.","sentence2":"The street sign above the stop sign indicates this picture was taken at the corner of Brooklyn & Athol.","condition":"The type of objects.","answer1":"Signs, Street, Avenue, Building","answer2":"unknown","label":3,"difficulty":"simple","common_similarity":"yes"}
{"sentence1":"Signs East 34th Street and Fifth Avenue with a no parking sign surrounded by a brick building.","sentence2":"The street sign above the stop sign indicates this picture was taken at the corner of Brooklyn & Athol.","condition":"The location.","answer1":"34th Street, Fifth Avenue","answer2":"Brooklyn, Athol","label":5,"difficulty":"simple","common_similarity":"yes"}
{"sentence1":"A commuter train on tracks is at a train station with only one of its two lights on","sentence2":"A yellow train is approaching on a track as people are waiting on a the platform on the side.","condition":"The train.","answer1":"commuter train, train station","answer2":"The train","label":5,"difficulty":"simple","common_similarity":"yes"}
{"sentence1":"Man playing with video game controller in brightly lit room with second man in chair looking on.","sentence2":"The men are watching a video monitor and handling electronic devices in their home office.","condition":"The number of men.","answer1":"2 men","answer2":"The keyword(s) that match the given condition is: men","label":5,"difficulty":"simple","common_similarity":"yes"}
{"sentence1":"A large group of cows eat hay through a barrier, while people look on.","sentence2":"A Holstein cow sticks it's nose under a strand of barbed wire fencing, while another is close beside it.","condition":"The animal.","answer1":"cows","answer2":"Holstein cow","label":5,"difficulty":"simple","common_similarity":"yes"}
{"sentence1":"A large group of cows eat hay through a barrier, while people look on.","sentence2":"A Holstein cow sticks it's nose under a strand of barbed wire fencing, while another is close beside it.","condition":"The number of animal.","answer1":"A large group","answer2":"The extracted keyword based on the given condition is: 2","label":5,"difficulty":"simple","common_similarity":"yes"}
{"sentence1":"A person standing on a sidewalk holding a sandwich that has carrots on it.","sentence2":"A dish served containing pickles, tomatoes, and bread with a side of french fries.","condition":"The number of person.","answer1":"The keyword that matches the given condition is \"person\".","answer2":"unknown","label":5,"difficulty":"simple","common_similarity":"yes"}
{"sentence1":"A person standing on a sidewalk holding a sandwich that has carrots on it.","sentence2":"A dish served containing pickles, tomatoes, and bread with a side of french fries.","condition":"The type of work.","answer1":"unknown","answer2":"unknown","label":3,"difficulty":"simple","common_similarity":"yes"}
{"sentence1":"This bathroom stall has toilet tissue on the floor while the toilet is raised.","sentence2":"A full trashcan is beside the commode in a public restroom toilet that needs to be cleaned.","condition":"The room's function.","answer1":"unknown","answer2":"public restroom toilet","label":1,"difficulty":"simple","common_similarity":"yes"}
{"sentence1":"This bathroom stall has toilet tissue on the floor while the toilet is raised.","sentence2":"A full trashcan is beside the commode in a public restroom toilet that needs to be cleaned.","condition":"The location of trash.","answer1":"unknown","answer2":"beside toilet","label":1,"difficulty":"simple","common_similarity":"yes"}
{"sentence1":"An older man holding a glass of wine while standing between two beautiful ladies.","sentence2":"a group of people gather around a table with bottles and glasses of wine.","condition":"The people's demeanor.","answer1":"Unknown","answer2":"unknown","label":1,"difficulty":"simple","common_similarity":"yes"}
{"sentence1":"A monkey mug in front of a computer with a stuffed penguin beside it.","sentence2":"A laptop computer sitting on top of a table next to two computer monitors.","condition":"The name of the device.","answer1":"unknown","answer2":"laptop computer, computer monitors","label":3,"difficulty":"simple","common_similarity":"yes"}
{"sentence1":"A monkey mug in front of a computer with a stuffed penguin beside it.","sentence2":"A laptop computer sitting on top of a table next to two computer monitors.","condition":"The name of the animal.","answer1":"monkey, penguin","answer2":"unknown","label":4,"difficulty":"simple","common_similarity":"yes"}
{"sentence1":"A plate full of food, a bowl of food, and a drink, and a bowl full of chips","sentence2":"This plate has a sandwich which is cut in half and a side of coleslaw.","condition":"The type of meal.","answer1":"food, drink, chips","answer2":"Sandwich, coleslaw","label":4,"difficulty":"simple","common_similarity":"yes"}
{"sentence1":"A plate full of food, a bowl of food, and a drink, and a bowl full of chips","sentence2":"This plate has a sandwich which is cut in half and a side of coleslaw.","condition":"The quantity of food.","answer1":"A plate full of food, a bowl of food, and a drink, and a bowl full of chips  \nCondition: The quantity of food  \n\nAnswer: plate, bowl","answer2":"unknown","label":2,"difficulty":"simple","common_similarity":"yes"}
{"sentence1":"A large red and blue boat sitting on top of a lake next to other boats.","sentence2":"Part of a ship sits in the shallow end of the bay next to a city.","condition":"The type of conveyance.","answer1":"boat","answer2":"unknown","label":4,"difficulty":"simple","common_similarity":"yes"}
{"sentence1":"A guy zooming in the air on his skateboard off of a city bench.","sentence2":"A man on a skateboard is on a ramp in a wide open space.","condition":"The number of people.","answer1":"unknown","answer2":"1","label":2,"difficulty":"simple","common_similarity":"yes"}
{"sentence1":"A guy zooming in the air on his skateboard off of a city bench.","sentence2":"A man on a skateboard is on a ramp in a wide open space.","condition":"The sport.","answer1":"skateboard","answer2":"skateboard","label":3,"difficulty":"simple","common_similarity":"yes"}
{"sentence1":"Young woman in orange dress about to serve in tennis game, on blue court with green sides.","sentence2":"A girl playing tennis wears a gray uniform and holds her black racket behind her.","condition":"The color of the dress.","answer1":"orange","answer2":"gray","label":4,"difficulty":"simple","common_similarity":"yes"}
{"sentence1":"Young woman in orange dress about to serve in tennis game, on blue court with green sides.","sentence2":"A girl playing tennis wears a gray uniform and holds her black racket behind her.","condition":"The name of the game.","answer1":"The name of the game is unknown.","answer2":"Tennis","label":5,"difficulty":"simple","common_similarity":"yes"}
{"sentence1":"A slice of pizza and a fork sit on a tray covered in wax paper.","sentence2":"a close up of a person cutting a pizza with half and half toppings","condition":"The name of the food.","answer1":"pizza","answer2":"pizza","label":4,"difficulty":"simple","common_similarity":"yes"}
{"sentence1":"A slice of pizza and a fork sit on a tray covered in wax paper.","sentence2":"a close up of a person cutting a pizza with half and half toppings","condition":"The type of items.","answer1":"unknown","answer2":"pizza, toppings","label":5,"difficulty":"simple","common_similarity":"yes"}
{"sentence1":"a close up of a giraffe laying on a ground near many large rocks","sentence2":"A giraffe reaches up his head on a ledge high up on a rock.","condition":"The animal's posture.","answer1":"laying","answer2":"The keywords matching the given condition \"The animal's posture\" from the sentence are \"reaches up\".","label":3,"difficulty":"simple","common_similarity":"yes"}
{"sentence1":"a room with a brown sofa,computer on a table next to a window and a red book shelf ","sentence2":"A bedroom with a purple light behind on the wall and flowers in front of a bed area that is on the floor.","condition":"The number of people in the room.","answer1":"unknown","answer2":"unknown","label":4,"difficulty":"simple","common_similarity":"yes"}
{"sentence1":"A fire hydrant at a crossroads intersection. The hydrant looks like its fading with age.","sentence2":"There is a large access panel in the sidewalk next to the fire hydrant.","condition":"The fire hydrant.","answer1":"The fire hydrant","answer2":"fire hydrant","label":4,"difficulty":"simple","common_similarity":"yes"}
{"sentence1":"female tennis player jumping off the ground and swinging racket in front of an audience","sentence2":"A woman holding a tennis racket getting ready to hit the ball while another woman watches behind her.","condition":"The number of the player.","answer1":"unknown","answer2":"The keyword that matches the condition \"The number of the player\" is unknown.","label":4,"difficulty":"simple","common_similarity":"yes"}
{"sentence1":"female tennis player jumping off the ground and swinging racket in front of an audience","sentence2":"A woman holding a tennis racket getting ready to hit the ball while another woman watches behind her.","condition":"The name of the game`.","answer1":"unknown","answer2":"Tennis","label":3,"difficulty":"simple","common_similarity":"yes"}
{"sentence1":"A red and a black laptop on a round black table near two people sitting down.","sentence2":"Some sort of mechanical device with a key board is hooked up to something like a tablet.","condition":"The number of people.","answer1":"two","answer2":"unknown","label":3,"difficulty":"simple","common_similarity":"yes"}
{"sentence1":"A red and a black laptop on a round black table near two people sitting down.","sentence2":"Some sort of mechanical device with a key board is hooked up to something like a tablet.","condition":"The object's function.","answer1":"unknown","answer2":"unknown","label":5,"difficulty":"simple","common_similarity":"yes"}
{"sentence1":"This dinner platter has roast beef and mashed potatoes with gravy, vegetables, greens, and bread.","sentence2":"Food sirs on a blue paisley plate on top of a Christmas themed table cloth.","condition":"The type of meal.","answer1":"unknown","answer2":"unknown","label":4,"difficulty":"simple","common_similarity":"yes"}
{"sentence1":"This dinner platter has roast beef and mashed potatoes with gravy, vegetables, greens, and bread.","sentence2":"Food sirs on a blue paisley plate on top of a Christmas themed table cloth.","condition":"The variety of food.","answer1":"roast beef, mashed potatoes, vegetables, greens, bread","answer2":"unknown","label":2,"difficulty":"simple","common_similarity":"yes"}
{"sentence1":"A black and white photo of surfers walking along the shore with their surfboards.","sentence2":"A person on a surfboard with their hands up at the peak of a small wave in the water.","condition":"The sport.","answer1":"surfing","answer2":"surfboard, wave","label":5,"difficulty":"simple","common_similarity":"yes"}
{"sentence1":"A bicycle in a store window reflecting images of the cars and building across from it.","sentence2":"A blue bike is chained to a pole while a brown and black dog sits in a window.","condition":"The sport.","answer1":"unknown","answer2":"Unknown","label":4,"difficulty":"simple","common_similarity":"yes"}
{"sentence1":"A child happily kicks her foot while lying in bed as a smiling adult woman looks on.","sentence2":"A beautiful little girl sitting on top of a bed holding a stuffed animal.","condition":"The type of furniture.","answer1":"bed","answer2":"bed","label":3,"difficulty":"simple","common_similarity":"yes"}
{"sentence1":"A child happily kicks her foot while lying in bed as a smiling adult woman looks on.","sentence2":"A beautiful little girl sitting on top of a bed holding a stuffed animal.","condition":"The movement of the child.","answer1":"kicks","answer2":"unknown","label":3,"difficulty":"simple","common_similarity":"yes"}
{"sentence1":"a man on a beach lungin in the air with a freezbie between his legs","sentence2":"A male, on a sandy beach, holding a surfboard over his head, walking toward the lifeguard.","condition":"The number of people.","answer1":"1 person","answer2":"The keyword that matches the given condition is \"one\" as there is a male person in the sentence.","label":1,"difficulty":"simple","common_similarity":"yes"}
{"sentence1":"There is an image of a horse in a stall looking at the camera.","sentence2":"One horse has its mouth on the ground and the other horse is facing the opposite direction of the first.","condition":"The type of animal.","answer1":"horse","answer2":"horse","label":5,"difficulty":"simple","common_similarity":"yes"}
{"sentence1":"On this plate there is croissant sandwich with egg and cheese, and diced potatoes.  ","sentence2":"A piece of meat covered in ketchup next to a hamburger on a green plate.","condition":"The type of food.","answer1":"Croissant sandwich, egg, cheese, potatoes","answer2":"meat, ketchup, hamburger, plate","label":4,"difficulty":"simple","common_similarity":"yes"}
{"sentence1":"On this plate there is croissant sandwich with egg and cheese, and diced potatoes.  ","sentence2":"A piece of meat covered in ketchup next to a hamburger on a green plate.","condition":"The food with plate.","answer1":"croissant sandwich, diced potatoes","answer2":"hamburger, meat, ketchup, plate","label":4,"difficulty":"simple","common_similarity":"yes"}
{"sentence1":"An interesting living room with futuristic furniture and garish curtains with metallic red polka dots.","sentence2":"A flat screen TV sitting on top of a wooden table in front of a window.","condition":"The living room.","answer1":"An interesting living room","answer2":"Unknown","label":5,"difficulty":"simple","common_similarity":"yes"}
{"sentence1":"An interesting living room with futuristic furniture and garish curtains with metallic red polka dots.","sentence2":"A flat screen TV sitting on top of a wooden table in front of a window.","condition":"The different activity.","answer1":"unknown","answer2":"unknown","label":4,"difficulty":"simple","common_similarity":"yes"}
{"sentence1":"a piece of cake sitting on a plate with a fork and nothing else","sentence2":"A dessert that features chocolate cake, ice cream, and strawberries on a white plate. ","condition":"The number of thing.","answer1":"The keywords that match the given condition \"The number of thing\" in the sentence are: one","answer2":"chocolate cake, ice cream, strawberries","label":4,"difficulty":"simple","common_similarity":"yes"}
{"sentence1":"a out dated old kitchen that needs to be revamped containing a old stove and cabinets that lacked doors.","sentence2":"A counter cluttered with many items, including a tea kettle, a pot, a food scale and more.","condition":"The name of the things.","answer1":"stove, cabinets","answer2":"tea kettle, pot, food scale","label":4,"difficulty":"simple","common_similarity":"yes"}
{"sentence1":"a out dated old kitchen that needs to be revamped containing a old stove and cabinets that lacked doors.","sentence2":"A counter cluttered with many items, including a tea kettle, a pot, a food scale and more.","condition":"The name of the object.","answer1":"stove, cabinets","answer2":"tea kettle, pot, food scale","label":3,"difficulty":"simple","common_similarity":"yes"}
{"sentence1":"A red cow and her baby calf enjoying the sunshine in a pasture of tall grass.","sentence2":"A brown horse with a white patch on his face and nose grazes in a pasture.","condition":"The animal.","answer1":"cow, calf","answer2":"horse","label":5,"difficulty":"simple","common_similarity":"yes"}
{"sentence1":"A zebra rolling around in the dirt near an oxen and a herd of zebras.","sentence2":"A bunch of zebras some drinking water and some laying down in the grass.","condition":"The type of animal.","answer1":"zebra, oxen, herd","answer2":"Zebras","label":4,"difficulty":"simple","common_similarity":"yes"}
{"sentence1":"A zebra rolling around in the dirt near an oxen and a herd of zebras.","sentence2":"A bunch of zebras some drinking water and some laying down in the grass.","condition":"The animal's attention.","answer1":"unknown","answer2":"unknown","label":3,"difficulty":"simple","common_similarity":"yes"}
{"sentence1":"An adult is holding their arm out while birds land on their hand to get food.","sentence2":"A bird on top of a womans glove as she stands in a grassy field.","condition":"The number of people.","answer1":"1","answer2":"1","label":4,"difficulty":"simple","common_similarity":"yes"}
{"sentence1":"An adult is holding their arm out while birds land on their hand to get food.","sentence2":"A bird on top of a womans glove as she stands in a grassy field.","condition":"The animal.","answer1":"birds","answer2":"bird","label":5,"difficulty":"simple","common_similarity":"yes"}
{"sentence1":"A hotel bedroom with stone walls, a bed with plain white linen, and a wall-mounted heating and air conditioning unit.","sentence2":"A bed with a white comforter sits in a room with red print on the walls.","condition":"The type of room.","answer1":"unknown","answer2":"unknown","label":4,"difficulty":"simple","common_similarity":"yes"}
{"sentence1":"A hotel bedroom with stone walls, a bed with plain white linen, and a wall-mounted heating and air conditioning unit.","sentence2":"A bed with a white comforter sits in a room with red print on the walls.","condition":"The material of the walls.","answer1":"stone","answer2":"unknown","label":5,"difficulty":"simple","common_similarity":"yes"}
{"sentence1":"A wood table sitting by a wood framed bed with a lamp on it.","sentence2":"A microwave, refrigerator, television, and wooden drawers sit in the corner of a bedroom. ","condition":"The room type.","answer1":"unknown","answer2":"unknown","label":5,"difficulty":"simple","common_similarity":"yes"}
{"sentence1":"A wood table sitting by a wood framed bed with a lamp on it.","sentence2":"A microwave, refrigerator, television, and wooden drawers sit in the corner of a bedroom. ","condition":"The number of objects.","answer1":"two","answer2":"4 (microwave, refrigerator, television, drawers)","label":5,"difficulty":"simple","common_similarity":"yes"}
{"sentence1":"A surf board sticking up out of the sand in front of the shoreline.","sentence2":"A beach with two surfers holding boards and single board laying in the sand.","condition":"Location.","answer1":"shoreline","answer2":"beach,sand","label":3,"difficulty":"simple","common_similarity":"yes"}
{"sentence1":"A surf board sticking up out of the sand in front of the shoreline.","sentence2":"A beach with two surfers holding boards and single board laying in the sand.","condition":"Number of people.","answer1":"Unknown","answer2":"two surfers, single board","label":4,"difficulty":"simple","common_similarity":"yes"}
{"sentence1":"A dining table next to a den with chairs, a couch and a television.","sentence2":"A view of the inside of a house with chair, television, clock, pictures, and other items.","condition":"The name of the object.","answer1":"dining table, den, chairs, couch, television","answer2":"chair, television, clock, pictures","label":4,"difficulty":"simple","common_similarity":"yes"}
{"sentence1":"A dining table next to a den with chairs, a couch and a television.","sentence2":"A view of the inside of a house with chair, television, clock, pictures, and other items.","condition":"The name of the action.","answer1":"unknown","answer2":"unknown","label":4,"difficulty":"simple","common_similarity":"yes"}
{"sentence1":"An oak table and chairs in a dining room, with an open doorway into the kitchen.","sentence2":"Three couches positioned around a coffee table near a window in a living room.","condition":"The table.","answer1":"table","answer2":"coffee table","label":3,"difficulty":"simple","common_similarity":"yes"}
{"sentence1":"An oak table and chairs in a dining room, with an open doorway into the kitchen.","sentence2":"Three couches positioned around a coffee table near a window in a living room.","condition":"The kitchen.","answer1":"kitchen","answer2":"unknown","label":4,"difficulty":"simple","common_similarity":"yes"}
{"sentence1":"And elephant behind a low log fence and someone leaning on the fence, taking a picture in another direction.","sentence2":"A man and a small boy are riding on an elephant in the sun.","condition":"The name of the animal.","answer1":"Elephant","answer2":"Elephant","label":5,"difficulty":"simple","common_similarity":"yes"}
{"sentence1":"One cat sitting on a chiar and another sitting on a table next to it","sentence2":"A cat with a remote control, a smart phone and a few other items on it's back.","condition":"The animal.","answer1":"cat, animal","answer2":"cat","label":4,"difficulty":"simple","common_similarity":"yes"}
{"sentence1":"One cat sitting on a chiar and another sitting on a table next to it","sentence2":"A cat with a remote control, a smart phone and a few other items on it's back.","condition":"The number of animal.","answer1":"Two","answer2":"unknown","label":4,"difficulty":"simple","common_similarity":"yes"}
{"sentence1":"a kitchen that is fully furnished with a cart in the center of it.","sentence2":"An orderly kitchen area utilizes bold red walls, glass front cabinet doors and up to date stainless appliances.","condition":"The kitchen.","answer1":"The kitchen","answer2":"The keywords matching the condition \"The kitchen\" in the given sentence are \"kitchen area\".","label":5,"difficulty":"simple","common_similarity":"yes"}
{"sentence1":"a kitchen that is fully furnished with a cart in the center of it.","sentence2":"An orderly kitchen area utilizes bold red walls, glass front cabinet doors and up to date stainless appliances.","condition":"The place.","answer1":"kitchen","answer2":"kitchen area","label":5,"difficulty":"simple","common_similarity":"yes"}
{"sentence1":"A blond haired woman surf in blue short holds her board near the shore.","sentence2":"A person carrying a surfboard into the waves near another person floating on a surfboard.","condition":"The sport.","answer1":"surf","answer2":"surfing","label":5,"difficulty":"simple","common_similarity":"yes"}
{"sentence1":"A blond haired woman surf in blue short holds her board near the shore.","sentence2":"A person carrying a surfboard into the waves near another person floating on a surfboard.","condition":"The color of object.","answer1":"blond, blue","answer2":"unknown","label":3,"difficulty":"simple","common_similarity":"yes"}
{"sentence1":"A wide shot of a modern kitchen with a glass table in the foreground.","sentence2":"A kitchen with nice wooden cabinets and flooring, but with one cabinet door missing.","condition":"The name of the object.","answer1":"table","answer2":"cabinet","label":5,"difficulty":"simple","common_similarity":"yes"}
{"sentence1":"A wide shot of a modern kitchen with a glass table in the foreground.","sentence2":"A kitchen with nice wooden cabinets and flooring, but with one cabinet door missing.","condition":"The name of the place.","answer1":"Unknown","answer2":"unknown","label":3,"difficulty":"simple","common_similarity":"yes"}
{"sentence1":"A person has his hand back with a racket and his feet are spread apart.","sentence2":"A tennis player wearing a blue outfit stretches up high with his racket on a tennis court.","condition":"The activity.","answer1":"Unknown","answer2":"Playing tennis","label":3,"difficulty":"simple","common_similarity":"yes"}
{"sentence1":"A person has his hand back with a racket and his feet are spread apart.","sentence2":"A tennis player wearing a blue outfit stretches up high with his racket on a tennis court.","condition":"The racket.","answer1":"racket","answer2":"racket","label":5,"difficulty":"simple","common_similarity":"yes"}
{"sentence1":"a bench sitting in a yard with a little pond and a lot of pretty flowers","sentence2":"The wooden bench is framed by a pair of bushes and a young tree.","condition":"The color of object.","answer1":"unknown","answer2":"Wooden, unknown","label":4,"difficulty":"simple","common_similarity":"yes"}
{"sentence1":"a bench sitting in a yard with a little pond and a lot of pretty flowers","sentence2":"The wooden bench is framed by a pair of bushes and a young tree.","condition":"The object.","answer1":"bench, yard, pond, flowers","answer2":"bench, bushes, tree.","label":4,"difficulty":"simple","common_similarity":"yes"}
{"sentence1":"A train with many cars is on one of three sets of train tracks","sentence2":"Two red trains traveling next to each other next to a lush green hillside.","condition":"The type of vehicle.","answer1":"train, cars","answer2":"Trains","label":4,"difficulty":"simple","common_similarity":"yes"}
{"sentence1":"A train with many cars is on one of three sets of train tracks","sentence2":"Two red trains traveling next to each other next to a lush green hillside.","condition":"The number of vehicles.","answer1":"many cars","answer2":"Two","label":4,"difficulty":"simple","common_similarity":"yes"}
{"sentence1":"The rear of a bus and a traffic light are pictured in a downtown night scene.","sentence2":"This is a picture of a busy downtown cross walk with several cars in the flow of traffic.","condition":"The location of the scenery.","answer1":"unknown","answer2":"busy downtown cross walk","label":3,"difficulty":"simple","common_similarity":"yes"}
{"sentence1":"The rear of a bus and a traffic light are pictured in a downtown night scene.","sentence2":"This is a picture of a busy downtown cross walk with several cars in the flow of traffic.","condition":"The vehicles in sight.","answer1":"bus, traffic light","answer2":"cars","label":5,"difficulty":"simple","common_similarity":"yes"}
{"sentence1":"A person skiing downhill on a ski slope that has flags stationed on a course.","sentence2":"A skier in a red suit bends over while riding skies and holds long ski poles.","condition":"The name of the game.","answer1":"Unknown","answer2":"unknown","label":4,"difficulty":"simple","common_similarity":"yes"}
{"sentence1":"A person skiing downhill on a ski slope that has flags stationed on a course.","sentence2":"A skier in a red suit bends over while riding skies and holds long ski poles.","condition":"The type of play.","answer1":"unknown","answer2":"unknown","label":4,"difficulty":"simple","common_similarity":"yes"}
{"sentence1":"A snow skier skiing through a fenced course with a large building in the background.","sentence2":"A person in a blue jacket on a snowboard on the side of a snowy mountain.","condition":"The snow.","answer1":"snow","answer2":"snowboard, snowy mountain","label":4,"difficulty":"simple","common_similarity":"yes"}
{"sentence1":"A snow skier skiing through a fenced course with a large building in the background.","sentence2":"A person in a blue jacket on a snowboard on the side of a snowy mountain.","condition":"The actvity.","answer1":"skiing","answer2":"Snowboarding","label":5,"difficulty":"simple","common_similarity":"yes"}
{"sentence1":"The sun shines over the tree top while a horse grazes in a field.","sentence2":"A group of live stock some sheep geese and cows are outside in a field.","condition":"The grazes field.","answer1":"grazes, field","answer2":"live stock, sheep, geese, cows","label":3,"difficulty":"simple","common_similarity":"yes"}
{"sentence1":"The sun shines over the tree top while a horse grazes in a field.","sentence2":"A group of live stock some sheep geese and cows are outside in a field.","condition":"The activity.","answer1":"unknown","answer2":"unknown","label":1,"difficulty":"simple","common_similarity":"yes"}
{"sentence1":"A woman wearing a blue shirt, black shorts, and pink shoes swings a tennis racket.","sentence2":"Lady with back to the camera and let up in the air playing tennis.","condition":"The gender.","answer1":"woman","answer2":"Lady","label":5,"difficulty":"simple","common_similarity":"yes"}
{"sentence1":"A woman wearing a blue shirt, black shorts, and pink shoes swings a tennis racket.","sentence2":"Lady with back to the camera and let up in the air playing tennis.","condition":"The physical motion.","answer1":"swings","answer2":"unknown","label":4,"difficulty":"simple","common_similarity":"yes"}
{"sentence1":"A cluttered office space with a work desk under bare windows and tightly crowded furniture.","sentence2":"A pea green room with a couch, a table, a TV and a bookshelf.","condition":"The color of room.","answer1":"unknown","answer2":"pea green","label":3,"difficulty":"simple","common_similarity":"yes"}
{"sentence1":"A cluttered office space with a work desk under bare windows and tightly crowded furniture.","sentence2":"A pea green room with a couch, a table, a TV and a bookshelf.","condition":"The room with products.","answer1":"unknown","answer2":"couch, table, TV, bookshelf","label":4,"difficulty":"simple","common_similarity":"yes"}
{"sentence1":"Two make tennis players jumping up in the air towards one another and holding a tennis racket in their hands.","sentence2":"A tennis player on a court speaking with a man and a ball catcher standing off to the side.","condition":"The presence of a net.","answer1":"unknown","answer2":"unknown","label":3,"difficulty":"simple","common_similarity":"yes"}
{"sentence1":"Two make tennis players jumping up in the air towards one another and holding a tennis racket in their hands.","sentence2":"A tennis player on a court speaking with a man and a ball catcher standing off to the side.","condition":"The number of men.","answer1":"Unknown","answer2":"2 men","label":3,"difficulty":"simple","common_similarity":"yes"}
{"sentence1":"A group of elephants of different sizes walking together on dirt with a rock formation and trees in the background.","sentence2":"One elephant is squirting water out of its mouth and the other is putting water into its mouth.","condition":"The animal.","answer1":"elephants","answer2":"Elephant","label":1,"difficulty":"simple","common_similarity":"yes"}
{"sentence1":"A group of elephants of different sizes walking together on dirt with a rock formation and trees in the background.","sentence2":"One elephant is squirting water out of its mouth and the other is putting water into its mouth.","condition":"The physical actions.","answer1":"walking","answer2":"squirting, putting","label":5,"difficulty":"hard","common_similarity":"yes"}
